"gene_name","AUC"
"CDH3",0.999391511586634
"KRT80",0.999847877896658
"ETV4",0.998833730541048
"FOXQ1",0.985142741240302
