"gene_name","logrank_p","n"
"CDH3",0.611349525473124,457
"KRT80",0.185355323545795,457
"ETV4",0.917889280445692,457
"FOXQ1",0.134987642092072,457
